root	lineage	count	proportion
None	B	5149	0.571857
T28144C	CC	2654	0.294758
C8782T_T28144C	A	723	0.080298
C8782T	TT	218	0.024211
C6968A	B	96	0.010662
T11764A	B	45	0.004998
C6968A_T11764A	B	17	0.001888
T27384C	B	9	0.001000
T565C	B	9	0.001000
T565C_T27384C	B	8	0.000888
A24325G	B	8	0.000888
G20670A	B	7	0.000777
G28183A	B	6	0.000666
C8782T_T26729C_T28144C	A	6	0.000666
G1397A	B	6	0.000666
G20679A	B	5	0.000555
T565C_T27384C_G29573A	B	3	0.000333
T28688C	B	3	0.000333
C8782T_T26729C_G28077C_T28144C	A	3	0.000333
C8782T_G28077C_T28144C	A	3	0.000333
G20670A_G20679A	B	3	0.000333
G1397A_T28688C	B	3	0.000333
T27384C_G29573A	B	3	0.000333
C26370T	B	2	0.000222
C27944T	B	2	0.000222
T8294C_T28144C	CC	1	0.000111
T565C_G29573A	B	1	0.000111
C28093T	B	1	0.000111
T565C_C17825T	B	1	0.000111
A8173T_C8782T_T20852A_C21997A_T28144C	A	1	0.000111
C4893T_C8782T_T22807C_T27986C_T28144C	A	1	0.000111
G29573A	B	1	0.000111
A28305C	B	1	0.000111
T13270C	B	1	0.000111
A21137G	B	1	0.000111
C17825T	B	1	0.000111
G26144T	B	1	0.000111
C17288T	B	1	0.000111
