root	lineage	count	proportion
C8782T_T28144C	A	8120	0.901821
T28144C	CC	539	0.059862
C8782T	TT	162	0.017992
None	B	83	0.009218
C8782T_T28144C_C29095T	A	59	0.006553
C8782T_C18060T_T28144C	A	26	0.002888
C8782T_C24023T_T28144C	A	10	0.001111
C8782T_T26729C_T28144C	A	3	0.000333
C8782T_G28077C_T28144C	A	1	0.000111
T4946C_C8782T_T28144C	A	1	0.000111
